x,y
4.967141530112327,16.216564698452824
-1.3826430117118464,-0.6073401634540785
6.476885381006925,17.31147419235766
15.230298564080254,37.78187285478949
-2.3415337472333597,-3.4573877408562197
-2.3413695694918055,-4.066453152886014
15.792128155073915,42.27070682774025
7.674347291529088,21.45621183218666
-4.694743859349521,-8.637754217735132
5.425600435859646,13.49353066652798
-4.634176928124623,-7.950654189042906
-4.657297535702568,-10.248044629871622
2.419622715660341,11.199578534401384
-19.13280244657798,-48.21038175262409
-17.249178325130327,-38.65101820649532
-5.622875292409727,-12.661366664099022
-10.128311203344238,-25.623614015589492
3.142473325952739,7.8884116467732035
-9.08024075521211,-22.341296504418914
-14.123037013352915,-33.45926064057846
14.65648768921554,38.686890199109854
-2.2577630048653567,-5.79180752004055
0.6752820468792384,2.6394959326761303
-14.247481862134567,-30.334163938112688
-5.443827245251827,-9.154481772928143
1.1092258970986608,4.645712082094716
-11.509935774223027,-27.698832479221167
3.7569801834567196,10.632513112078321
-6.006386899188049,-12.78893130250929
-2.916937497932768,-8.33792887522873
-6.017066122293969,-14.557418380581613
18.522781845089376,43.969786464968266
-0.13497224737933922,1.4610156267622105
-10.577109289559004,-24.14838134449203
8.22544912103189,20.597249877980975
-12.208436499710222,-26.37311772269549
2.088635950047554,3.7700585491142022
-19.596701238797756,-50.92050285741403
-13.281860488984305,-31.755747585340817
1.9686123586912352,8.015727501952398
7.384665799954105,22.829519882801
1.713682811899705,4.3664385040113824
-1.1564828238824052,0.2661546071565781
-3.011036955892888,-6.604609328733634
-14.785219903674275,-36.30830435906733
-7.198442083947087,-15.228785334894374
-4.606387709597875,-9.211323517167848
10.571222262189156,24.27527134150439
3.436182895684614,12.543537938663327
-17.63040155362734,-40.31582117577344
3.24083969394795,7.850973831850816
-3.8508228041631654,-7.835449943533096
-6.769220003059587,-14.93498963508349
6.116762888408679,16.813254752669508
10.30999522495951,25.674377754707933
9.312801191161986,22.938756242028862
-8.392175232226386,-20.031546222548855
-3.092123758512146,-4.384851357761636
3.3126343140356393,10.368786094277963
9.755451271223592,24.647399513886768
-4.791742378452899,-9.43595852483556
-1.8565897666381712,-9.33855965785558
-11.063349740060282,-24.360842949406496
-11.962066240806708,-32.384593159572965
8.12525822394198,20.588263677048687
13.562400285708229,32.66666092501829
-0.7201012158033384,-3.3896159909501575
10.03532897892024,28.40997602205764
3.6163602504763412,9.10549822356707
-6.451197546051243,-14.434986101666677
3.6139560550841394,9.941048979951981
15.380365664659692,40.40499581609547
-0.35826039109951535,0.2579928043717223
15.646436558140062,37.55010694697302
-26.197451040897445,-62.50109396334933
8.219025043752238,20.56004944305797
0.8704706823817122,0.0630129086347786
-2.9900735046586746,-7.331414083578512
0.917607765355023,6.295538994656179
-19.875689146008927,-46.98877938079533
-2.1967188783751195,-5.1891014647535165
3.5711257151174642,9.229298879156802
14.778940447415161,37.30408101610314
-5.182702182736474,-7.803259489719503
-8.084936028931876,-18.448469167866584
-5.017570435845365,-10.683842795231273
9.154021177020741,25.945619850615536
3.2875110965968446,9.696356059545138
-5.297602037670388,-12.762089385817376
5.132674331133561,13.438986129663947
0.9707754934804038,3.2837362148728815
9.686449905328892,25.14168029030255
-7.020530938773524,-15.09606825965985
-3.2766214659776822,-7.0876618933296065
-3.921081531321576,-7.337423673872782
-14.635149481321186,-35.749306863520125
2.9612027706457607,8.560277307246583
2.6105527217988933,3.5299804354330178
0.051134566424608896,2.960491765466485
-2.345871333751469,-4.171701382582686
-14.153707420504142,-32.38824833154105
-4.20645322765359,-15.308643825521354
-3.427145165267695,-3.391113503607783
-8.02277269221619,-19.336110986850823
-1.6128571166600914,-0.8157771581751954
4.040508568145384,9.021459566112398
18.861859012105302,49.3801953403884
1.7457781283183895,3.2576141944486614
2.5755039072276436,6.191221846677498
-0.7444591576616721,2.966914813579392
-19.187712152990414,-47.35064518400273
-0.2651387544921688,0.7720188601290238
0.6023020994102644,4.245890709903169
24.63242112485286,63.57241658807737
-1.9236096478112252,-3.50818630924091
3.0154734233361244,9.268605563272763
-0.3471176970524331,4.939036927845468
-11.68678037619532,-28.332188534555474
11.428228145150205,29.97276845630545
7.519330326867742,21.89963460918458
7.910319470430469,22.98685054199214
-9.09387454794739,-19.360625758747716
14.027943109360992,37.34731821746085
-14.018510627922808,-36.332286395267985
5.868570938002703,18.93829040960895
21.904556258099785,53.46869985921209
-9.905363251306884,-23.15813719778914
-5.662977296027719,-14.665994940108014
0.9965136508764122,3.3630074340050453
-5.034756541161992,-10.92936653229802
-15.506634310661326,-37.12387134575277
0.6856297480602733,3.557915878621253
-10.623037137261049,-22.330170305035328
4.735924306351816,13.746879368907498
-9.19424234233803,-22.473919126426374
15.499344050175395,41.676534462015205
-7.832532923362371,-16.202391330556644
-3.220615162056756,-9.506753535415875
8.135172173696697,22.532730573941457
-12.308643164339552,-28.36926242622708
2.274599346041294,6.091371358383251
13.071427542824281,36.42998248368394
-16.074832345612275,-39.48719203809574
1.846338585323042,5.8669993702506895
2.5988279424842355,7.150926207642849
7.818228717773104,20.576729889595697
-12.36950710878082,-32.11631794574245
-13.204566130842764,-34.8915170922955
5.219415656168977,17.237549266872385
2.9698467323318605,6.730694134192995
2.5049285034587654,5.279536559734299
3.464482094969757,5.354425010216962
-6.800247215784908,-17.278541534841274
2.3225369716100355,4.160162842210092
2.9307247329868122,11.610842152739767
-7.143514180263678,-14.839151271973925
18.657745111447564,46.26806208826346
4.738329209117875,17.350694633483307
-11.913034972026486,-26.819056456083025
6.565536086338297,16.764177448828498
-9.746816702273215,-28.365853185430183
7.870846037424521,25.259000238742786
11.58595579007404,27.185744541657908
-8.206823183517105,-22.807855452706544
9.633761292443218,27.129544095127326
4.127809269364983,16.199027986091004
8.2206015999449,24.320049636883283
18.967929826539475,49.5476428064534
-2.453881160028705,-3.94519421674119
-7.537361643574895,-16.136572991376624
-8.895144296255232,-19.72000356106455
-8.158102849654384,-18.83287427619721
-0.771017094141042,-0.7191405274488529
3.4115197481664388,9.403613114617052
2.7669079933001903,6.4093408055171235
8.271832490360238,21.118231072167045
0.13001891877907018,-2.0608663314430955
14.535340771573168,37.14167267534342
-2.6465683323795606,-7.593603045250736
27.20169166589619,66.79705053030892
6.256673477650062,17.001471996432112
-8.571575564162826,-17.644934337717867
-10.708924980611123,-23.935679239523182
4.824724152431853,9.920809173833277
-2.234627853258509,-6.565825906286947
7.14000494092092,20.73155472827873
4.732376245735448,10.865965827262002
-0.7282891265687277,-1.2699891164158683
-8.46793718068405,-19.06973875366102
-15.148472246858645,-38.80786952687389
-4.465149520670211,-9.952122789383607
8.563987943234723,19.741918868250398
2.1409374413020394,5.149608315352671
-12.457387787119881,-29.50390559951463
1.73180925851182,2.1435356792162117
3.8531737972883677,11.513883969141716
-8.83857436201133,-21.135711502881687
1.537251059455279,5.948107557472493
0.582087184459999,2.9030462292793198
-11.429702978306231,-24.84597658581789
3.577873603482833,10.195133014002897
5.607845263682344,14.160802076955353
10.83051243175277,28.32087608544649
10.53802052034903,28.431647358945348
-13.776693679570911,-33.34401405827587
-9.378250399151227,-22.364442615470303
5.150352672086598,12.471898304602984
5.137859509122088,12.518846937703323
5.150476863060479,11.070981614051812
38.52731490654721,100.81744075274192
5.70890510693167,12.784536296546605
11.35565640180599,28.003330608923157
9.540017634932024,23.413229556191666
6.51391251305798,19.074630036533833
-3.152692446403456,-7.471630472592696
7.589692204932675,22.469714657679155
-7.728252145375718,-19.667611611927033
-2.3681860674000887,-4.362476844052618
-4.853635478291035,-12.804782802247102
0.8187413938632255,7.33715174020484
23.146585666735085,56.49126732877869
-18.67265192591748,-45.06198839433965
6.8626019037451345,19.424058521227032
-16.127158711896517,-38.49029858483829
-4.719318657894335,-11.168871962491254
10.88950596967366,27.9641235247173
0.6428001909546277,2.6946234213447884
-10.77744777929306,-26.23762345148963
-7.153037092599682,-14.954834497909385
6.795977489346758,22.410989726549598
-7.303666317171366,-18.37414936294408
2.164585895819749,3.671858780391216
0.4557183990381378,1.962731900892835
-6.516003476058171,-10.130590014836791
21.439440893253256,52.99125309719368
6.339190223180112,20.126209168838415
-20.25142586657607,-46.273163038287294
1.8645431476942764,4.554181385819702
-6.61786464768388,-14.406695460839147
8.524333347962239,25.567626616162674
-7.925207384327006,-19.57127394279249
-1.14736441466899,-2.275571756877199
5.049872789804572,12.461320146614142
8.657551941701215,20.614366392867304
-12.002964070557763,-30.30596526652642
-3.345012358409484,-9.810411429548223
-4.7494531116095615,-10.805465842505452
-6.5332923257371185,-16.873177276460083
17.654542402810968,45.60392783060891
4.049817109609555,8.012751481616634
-12.608839543350452,-29.860338393947217
9.17861947054776,25.61360659958725
21.22156197012633,50.06643364017292
10.324652605511469,27.559744653473814
-15.193699659540133,-34.52891116390375
-4.8423407286625135,-13.525133859038695
12.669111491866227,36.017923503340974
-7.076694656187808,-15.853698621737431
4.438194281462284,10.685461992138892
7.746340534293368,20.25431318041801
-9.26930471578083,-21.05660796440863
-0.5952535606180008,-0.33612311872017914
-32.41267340069073,-78.95417151683408
-10.243876413342898,-26.451038219515976
-2.525681513931603,-4.9754821367568525
-12.477831819648495,-33.0220085429312
16.32411303931635,41.587830475593485
-14.301413779606326,-36.5613497319454
-4.4004448669698375,-11.472172052604128
1.3074057728609134,6.740700782573159
14.412732890661156,39.214452467841426
-14.358621511794393,-33.67827753767163
11.631637521549596,27.89446827452883
0.10233061019587049,0.6230096261000723
-9.81508651047951,-21.11152087624041
4.621034742632707,12.836020683861578
1.9905969557347003,10.61515146930014
-6.002168771587947,-13.218786250181124
0.6980208499001892,3.129150357730536
-3.853135968617602,-9.251072849949008
1.1351734525124804,4.105015440845766
6.621306745210466,17.24832719026508
15.86016816145352,42.06663775701098
-12.378154988268491,-28.03198283708206
21.330333746562665,52.75385544539077
-19.520877995225018,-50.4646608951781
-1.5178509503558333,-6.467038122096176
5.883172064845765,16.7239128159395
2.8099186773503266,5.8180634810280685
-6.2269951982059375,-18.873269181419808
-2.0812225035727523,-3.4258990498699524
-4.930009346588328,-6.339024331605239
-5.893647569442115,-13.746260746685076
8.496020970210246,23.9170339744289
3.5701548596504735,10.089045866221314
-6.929095952606542,-16.52051918789864
8.995998754332508,25.328149851806806
3.0729952087660934,8.10193893353793
8.128621188389602,21.85633759911781
6.296288419236122,17.38411666048233
-8.289950109220722,-21.061056180337907
-5.601810401969695,-11.020441305851191
7.472936051232618,19.33242061469073
6.103702654334649,14.747766316850932
-0.20901593964148132,1.5504798380371039
1.1732738330878199,2.136248619137475
12.776648957884248,32.99798470944888
-5.915713888358299,-13.807522714184154
5.470973811700379,16.849225660914104
-2.021926524338941,-3.1054198450874466
-2.1768120322722027,-4.492083998170794
10.987768519871901,30.104953898080325
8.254163489880298,24.415823822735373
8.135096360006385,22.453361512719688
13.05478807154329,33.65767541854499
0.2100384163275905,-1.098576423881343
6.819529712949639,15.918596956223354
-3.1026675659345604,-7.367118323545736
3.241663524884421,7.885134407892488
-1.3014305436768459,-2.6275189651630066
0.9699596499271819,3.5381989746121687
5.951570254369136,16.9383111446363
-8.182206832334725,-19.596514636954996
20.923872756854603,54.28268517978891
-10.06017381499702,-24.02148570787231
-12.14188612787732,-33.305648452401044
11.581108735000678,28.074101049864183
7.916626939629358,20.503392237630166
6.241198170521551,14.183605940621662
6.283455092642799,17.908495191599407
-0.12246772846914623,3.755332343514529
-8.972543714858315,-18.993835583751157
0.7580455819372633,2.4682282129827424
-6.771617115121117,-12.947590514102888
9.751197334177512,25.675328249848004
-1.4705738150213865,-3.350606479789545
-8.254971967925115,-20.86423524689467
-3.213858416529934,-7.639585414301092
4.129314542756243,10.54693271980815
-5.637245528039747,-12.752281375348392
-8.222203955664314,-19.234361927061055
2.4368721149191233,7.0982723276046364
2.4496657110872277,7.998040617210769
-5.069431753711298,-9.292286834705562
-4.710383056183228,-8.876849369575423
2.320499373576363,3.8314524970411004
-14.480843414973242,-40.309950807237016
-14.074637743765553,-32.31795453693533
-7.18444221252436,-19.69486292814174
-2.1344715171184725,-4.785709596581548
3.109075655980046,6.432463087831396
14.75356216949552,34.27994454857876
8.576596232020194,23.52441603646006
-1.599385299634271,-1.4801529284803838
-0.1901620790268883,-0.6284259990206597
-10.025293646378088,-29.24531870023504
-0.1851313599238993,-0.5553172963147137
-2.8865863892013834,-5.432857962198366
3.227185603380895,6.11014087090398
-8.27230943552323,-19.314053749249762
5.193465142411723,13.953043157683318
15.327389130025777,40.477055824266614
-1.087601484568576,-1.4798429745931334
4.017117220989414,9.096655170710424
6.901439917111125,20.646742796106796
-4.012204718858363,-9.347570943199848
2.2409248181041677,6.547702966240555
0.1259240078179486,-0.5517258986015205
0.9767609854883172,2.5553379613377727
-7.730097838554665,-20.09485002444046
0.24510174258942713,1.266862236626722
4.979982912454497,16.87337424142093
14.511436077950417,34.53478790901333
9.592708260852069,21.754647856376693
21.531824575115564,57.77190209277613
-7.673475628880495,-18.60233642650497
8.723206367206782,21.46987044069712
1.8334200573835173,7.663359518250946
21.898029332176723,54.53384225096808
-8.082982853551515,-15.555437706784915
-8.39721842180776,-18.637194311840865
-5.9939264544402215,-14.960638952391959
-21.23895724309807,-47.78277668121417
-5.25755021680761,-13.355305388025702
-7.59132661553698,-16.494125794823834
1.5039378647620762,5.358429822718175
3.4175597577715946,12.147381973226583
18.761708392158862,51.02729337385086
9.504238381860503,24.82460425278279
-5.769036556624031,-14.929427132252444
-8.984146713483579,-20.540422497830715
4.9191917150650575,11.942548548158431
-13.202332070206422,-27.979055680462807
18.314587658543537,47.05953980852431
11.79440120721287,29.755359915407958
-4.691756521047048,-10.360030690887802
-17.131345290908776,-44.52261580633133
13.538723741654128,32.903581277114014
-1.145398452526179,0.5373316845734037
12.378163119734618,30.63161924139375
-15.944276587943671,-40.954513435223056
-5.993750229537729,-12.91107006878975
0.05243699718183166,3.502500802280573
0.46980593764742057,3.612421465448685
-4.500654714792437,-8.259541415369458
6.2284993234749875,15.057658131548548
-10.676204293825943,-28.53413206804855
-1.423794850212935,0.4431801783786362
1.2029563171189885,3.3620311151132
5.14438834058749,13.35930481855863
7.1161487808888975,21.44676023592036
-11.246420918378693,-26.00359227714541
-15.341141707356222,-36.441078724227346
12.77676821898509,37.271925237264895
3.3231401197959167,8.020813838729506
-7.484865365565536,-15.856483157751368
15.51151975522523,39.89282563785725
1.1567463429285867,4.429050415047981
11.792971840638264,33.53936645442072
0.6751848141010895,3.7036335478319717
20.60747924881987,53.595290280148944
17.553408424432043,47.028535735699705
-2.489641484790735,-5.954009171062608
9.715709509543554,23.610854439180876
6.453759495851475,15.044780351586619
13.686315575323487,31.283075759556716
-9.649234605801045,-19.010672254621966
6.860514599984393,15.944869768517616
10.584244868495878,27.01810492406815
-17.587394864231143,-43.5221137603557
-11.83258512665775,-27.966649421026172
-20.392321777601005,-48.34933001892392
-2.6940683444455775,-4.014223884394453
7.175422557959623,17.77240151776118
15.02357052096028,38.22468287482788
0.7409478041977519,3.417529411470979
16.28615545571292,41.2180063869152
-13.801014582148914,-30.2878453033323
-17.033824393551548,-40.60261108060237
-0.5554769889661878,1.0810630996841655
3.8406544893930725,11.927398760817507
-0.3269474809409311,2.529579012618322
-20.674421000398766,-50.3240093835895
-0.8912003951278841,-3.8216648837314033
-13.044695005048531,-30.81236160911605
6.696725488300385,16.439099933167302
3.6659824609684826,9.107722788921693
-9.398797863273552,-21.324266620673693
-5.138669173366935,-9.370106790550066
-10.592135218889515,-25.437794893751665
-0.6267909727317188,0.05068859336863052
9.551423205012382,28.28298790180143
-9.857260463355438,-23.16164479941146
5.040465155178444,18.8045291163069
-5.302576183724408,-11.125421168047932
-7.928728322623442,-22.34334632487024
-1.0703035995455783,-0.16907575665488084
-10.35242322419374,-24.1187412907188
-5.536493053471821,-10.261727125514062
-11.978778925888484,-27.600584612181294
19.647251329163893,49.84121635494218
0.35263551971728613,-0.567007673285516
-6.997255079925856,-16.91118421438669
2.13979910734222,4.64845685993695
-1.1232804969082983,-2.9692481418801915
-2.20969599533223,-3.3470831794893554
6.141667000434252,19.693976509788442
7.575077100473051,20.72703581082859
-5.305011476105275,-14.654294814333555
-5.7581824064468,-12.506250679676718
-2.75051697151644,-3.4830294554997976
-23.01921164735585,-57.767594927028384
-15.151910621985522,-37.14781088830964
13.668742674445246,35.20123307557151
16.449677135012838,40.55439621136761
-2.4903603955637834,-3.9293401212217405
5.765569630557664,15.172027779178597
3.112501545435361,9.620318751402458
30.78880808455238,76.19703585577675
11.195749114345768,28.1144561852176
-1.2791759148076653,-0.7531770713636208
-9.555404406004257,-23.634177319194176
-16.064463202575723,-35.707230303972494
2.034636358672231,5.287318525451372
-7.563507452843034,-17.459399180603814
-14.222537095976742,-32.69116107619568
-6.465728842425266,-18.001053571929226
-10.81548003614395,-29.560317714321428
16.871416350725646,40.12722824767392
8.816397569494505,25.566162130590627
-0.07972641316617372,-0.3030323247003278
14.79944138890026,43.115002043587154
0.7736830764761831,1.8057124938756803
-8.612842013282636,-20.16300242681252
15.231240772696573,42.16232183687718
5.3891004368465865,18.484936868434712
-10.372461543264563,-20.808146704888614
-1.9033867808360818,-1.3417344909039195
-8.756182533847571,-18.842331282996003
-13.827997309643361,-32.38493937570604
9.261775475316414,25.71116084062431
19.094166404701305,47.63304457909619
-13.985675738191413,-35.60058711232315
5.629692366905709,15.067482002442368
-6.506425691218269,-15.606433473095532
-4.871253837646961,-12.084590692771952
-5.923939242388691,-12.417073211058298
-8.63990769679816,-18.689158824854378
0.48521627944826995,2.38985447120437
-8.309501164110378,-16.81869274816542
2.704568257798388,5.478042416228961
-0.5023810944913696,-0.6432716547878602
-2.3894804686640976,-6.407345812865853
-9.07563662041598,-25.422164785186066
-5.767713305683327,-13.584644635893715
7.55391225825756,19.641285628877334
5.0091718762438076,16.54982917709378
-9.775552447985511,-22.177257750854224
0.9933230542922588,1.4349339870722368
7.51387123371789,23.4928632169631
-16.694052811213716,-38.29306463698358
5.43360192379935,15.748200216435608
-6.626237589458467,-16.01856217134583
5.7059866859315935,13.346088241382024
-7.632591565425169,-18.825892465705028
-18.04882100664519,-41.94455527720461
-16.275424378831627,-35.91938833520985
0.48084946661381994,5.288610723078928
2.597225017214819,6.515363699464499
-9.043166251044086,-23.847150494188238
6.385924587773739,17.246583963256757
-16.6152006226896,-44.0748802878497
-0.6607979864731657,-0.0056595378133513785
-12.110161997624566,-29.570610166658753
-6.5183610780215915,-16.227975698790463
0.47398671316414015,-1.0044393516232408
-8.604133652839524,-19.483133918959375
-3.8455554422982536,-9.679290285069458
10.062928092144405,23.817486558940438
-5.768918695231488,-19.166821164642016
8.356921120651418,21.83727299152727
-11.297068546576181,-23.698168173100967
5.298041779152828,17.56762287697781
14.415686206579004,36.12502300327497
-24.716445001272895,-61.99553662390579
-7.968952554704768,-17.98483287461187
5.7707212718054,13.430032301136917
-2.030453860429927,-3.472550851435885
3.7114587337130884,11.810807391052101
-6.039851867158205,-11.645763220126899
0.8658978747289992,2.9644365338625924
-1.5567723539207947,-3.2992783851559184
11.677820616598073,28.438586367982058
2.5442084330121313,5.7067603744506075
3.3760266207520218,8.987108768077
-4.118769661224674,-8.56219313942933
-4.876062240724935,-9.362986349345839
-4.325581878196209,-11.420312596851213
3.9445214237829687,13.846680697376465
-4.20984480820263,-10.066859222591711
2.897748568964129,8.20163683371345
20.75400798645439,51.39059660784032
8.711247034316923,17.929637065246425
-3.2602353216784112,-5.382497511473928
12.012139221639448,32.504035848283486
-4.080753730215514,-9.764539439775211
-20.38124535177854,-49.819131944996606
-10.080863109174041,-23.170279337526903
-18.707919210258556,-48.894889739419476
-3.5151348404130864,-8.845942455725305
0.18418379189551698,3.0489888389824467
16.764373122752826,40.402353960543564
3.2692737376416265,9.760300208437325
-2.1910052880886424,-7.1906768294684165
8.294055811834891,22.667999494454282
-22.11135309007885,-54.34966568979209
2.3561455810856593,3.6601003209031293
7.708651938869668,22.601108556088512
-14.785862457798416,-37.43383929809214
11.43754043206929,27.973346206144466
3.384964074944141,9.863548581822238
-4.152879139008013,-7.084923148662602
6.327818661062849,14.78790301470033
22.706928578043957,57.89068114480584
1.8186625505849516,6.404289377123525
2.4822058630033608,8.59172587203469
-4.593608995402441,-10.131139377951651
-8.498443694647918,-20.98016491478644
8.303358165442456,20.1032149723087
-8.560838259088673,-20.22980788162893
0.7156623721939247,0.6448779065135981
-4.776574467651167,-16.78413713611713
4.789798257463919,13.847615251975132
3.336621052869483,11.149422314346097
10.375399442578992,22.212633735363806
-5.10016398854747,-13.769871380788551
-2.6987493529337128,-4.508564860323887
-9.787637157823074,-19.354101955134286
-4.442932600761116,-10.065744086551975
3.773004930448522,8.976506443663036
7.569886166453519,19.558922533924118
-9.221653241776254,-19.304380266144264
8.696059201056602,21.448219644392434
13.556378588049508,33.29256245682326
4.134349032237009,10.370385536228458
18.76795812558066,46.013238097434225
-7.73789199103573,-18.099389345599732
-12.44654703311417,-26.867010665846305
-17.787202489042787,-42.82184767637491
14.96044311489183,37.896400782977004
6.543656563540577,16.775518871020353
-0.5558467091045507,-3.515998390154691
2.7996862631982027,9.765435212289825
-11.254890472983766,-27.292900576485017
24.457519796168263,61.78283966323941
1.292211819752275,10.616744685070408
1.093947946048929,4.332375681853695
7.2576662389869195,17.640583497276932
4.810092317367133,12.172515601006745
2.238840242791314,8.893992025371794
-7.904744554453119,-18.53532056505727
4.7146835713599575,9.910152971765159
18.820244964750337,49.88907028102626
13.454200461549776,33.299212982796455
15.931866266393971,44.576261218420015
-5.112156764311852,-9.620295779350332
-9.896048202585808,-24.634764297782024
-1.2578692009964816,0.4173597209790221
0.5572491228869461,2.5288338282721714
10.941915184709485,30.060335312018154
-16.924646297148193,-40.34215010828154
15.295503194606137,37.5460446765336
-1.5800789857898943,-4.23729712910966
-4.2688106994742006,-7.61210511352318
-10.121043752601675,-24.97216004571727
-16.548566718657693,-41.178713723128226
8.231705839619146,19.669019440349157
0.7331796718840389,3.680147310897019
-12.899608997410539,-27.123972655040056
-12.95078772063616,-33.512035130098944
-3.3578469929012824,-7.34617856890769
16.69021525289393,45.54997924306568
-2.595913513636048,-5.64906656658155
-15.031429531181061,-35.67383023545319
-2.4574306408594433,-7.268363658442367
-2.7272356974767047,-4.961475049276464
-26.968866429415716,-66.79645460354838
-0.5429486651781221,1.6140883284144205
-2.3093453020867796,-2.3985911520874463
6.962063648134183,23.584286404372687
18.489560949453452,48.38316872006078
11.265650295477574,29.815718371858267
-2.688886905548306,-5.333448660716092
-11.065259087416702,-27.369480304163133
25.733598032498605,66.01096276816989
0.5921843401448825,1.8896580300841475
0.13929291912946204,1.6851542503628838
-0.24125087110003277,3.0320678934658374
1.9808476076785495,3.9390338886370917
-1.4436041192394247,-0.32925317584047065
-5.736620068802363,-10.707320037326177
-5.468589412403921,-12.90761058499196
-0.32753270215998387,-4.062541553417149
-5.434247711337649,-13.801263252532987
-7.128457826771644,-14.227155473806892
1.0643022769189683,3.6150195676996564
-2.549772174208553,-7.373034900111204
15.039929885826886,37.59027487211078
-26.509698083930118,-63.59300515681619
10.915068519224619,29.381138434464305
12.460851924976291,31.674265614101337
-20.733902324081495,-51.56840463383311
-3.4268759408034875,-8.350706150096363
-3.7144086599579147,-10.130842018891792
-14.075116947178213,-30.95704098900665
-7.778166875908753,-19.090058128194563
-11.105758454658288,-24.330079094994726
17.52270443423623,47.849393189435474
9.356783931474611,26.388581624982447
12.715550949941587,31.925636749417873
7.216720640432351,19.849261781754095
-11.290517712172292,-27.274685493212562
-5.245202662797737,-13.920410378454598
4.89374561227918,13.883082594141156
-12.221278088919455,-31.91127480461824
7.129984301723881,21.200319531232832
-2.4032539815813503,-5.937369548550162
-3.7482080754959752,-7.96820087699426
7.109599682034915,19.34057494817957
4.4426331148603975,11.58877283974284
-3.609661658190799,-6.850766542526449
11.59329803364248,29.033437770861152
-10.810633275998974,-24.283988595082945
6.159356069442637,13.706430813113096
5.931012579683838,16.08029060830242
-3.0954643931399026,-2.860802984733187
3.2613302224211798,7.152662906841801
-12.51113576385303,-31.63332935068228
9.24027019206901,25.128491179490357
-1.8490213644298903,-3.2633898471955303
-5.227230205190395,-11.36681531442887
10.490092258368893,28.203604906217556
-7.043436905427592,-15.33914932644544
-14.084612963635596,-31.992132725176543
-15.566291735239037,-37.09609202424057
6.060099513456397,15.667733474403905
-12.80429352496283,-29.665586410001612
17.547941819843647,48.66961841939955
-20.81929407883722,-51.3135026898582
16.964563682900383,41.46235059790967
2.1101746720261843,8.489598018639406
-0.9671311187039239,-1.658590124667006
-5.449190868089497,-16.968316262251815
3.9913611435207086,12.673246213102615
-0.37634702424848365,-1.0115239325290546
11.033018820165214,28.40148048580471
1.1422764866203965,4.51965187768902
1.503017614618776,5.138543396105073
-3.6361221221385587,-6.671401671068317
-0.5694562372106746,-1.2946133341663733
3.0780176889205917,9.721255818653646
-17.101683926566256,-42.27330317158347
-13.48185422105713,-31.22701459086782
7.43264094022715,20.81233731859398
1.7086543812794186,3.400758549109356
-1.8398333635267914,-1.427619176466914
0.1843393306539316,0.3889214364067328
3.4758170536167103,11.305658230604065
-5.397596803093615,-11.759417380931355
-7.783047254023127,-14.781250781467573
1.9584525509768156,5.449199412698334
-9.78372777615032,-24.157953032612195
4.082527557144719,11.16747968108633
-17.025836042378405,-42.17094967161456
10.291556373256437,28.328774737025196
4.7259748241304305,9.582315843452902
2.560297343138757,5.293378519554183
9.826909839455139,23.43166875547946
16.654744444625766,44.53747629551157
10.143700650181305,29.78047837061711
-18.408742313316452,-45.23075422036607
-12.795769667357016,-31.32706761477256
-6.248185776956788,-14.480360116165608
0.2609105021083379,3.9760328604872255
5.17659020469123,12.086769243346927
-7.257438131534656,-16.66685736336707
1.8676676447707832,7.619564371491817
-7.5538293235332254,-16.88238496895337
-6.115178029919482,-13.90878184160122
-14.066610968482223,-32.16443523607128
-9.232332461109042,-27.487295738771078
-13.516846056163336,-31.436364501346528
-9.758732529773328,-24.704982690688166
10.536417966078396,23.679779121483076
-9.49398888831943,-21.71256702174861
26.323820648373907,69.55686871126069
4.933179008808892,13.058050492766847
1.848361236948739,7.526652186777725
-8.583577801812135,-17.234387988553046
7.003098794089913,21.137575892392878
-5.756378262377739,-10.11101659720156
1.2200981464536145,5.53450034827782
25.600845382687947,65.15298073452306
-0.9605989972464988,-4.605429116910583
11.492733262856758,29.239708180881998
-7.031764251258874,-18.26590381877957
-0.349884904969617,4.467173172571585
17.7080063563551,44.91824426602307
-6.269670577877674,-14.427766831125215
18.12448557996929,47.41418470200416
7.077519354554754,18.78100327913179
-5.624667758942676,-9.671567316495185
6.3240773905552095,15.564894752919118
9.725544496267299,25.70307615114273
6.218099622171964,15.060307884033813
-15.702247198904564,-40.89566301970282
-7.271371758248685,-18.401967577432284
-2.4751863555150475,-5.262039482884443
-0.7443342910004629,-1.7194401765356773
6.20672097550678,15.13196047901924
1.7770100093325383,2.629890095987678
-13.353443587101012,-32.54982011300992
3.801978510059632,7.495505527087076
6.105857452838231,17.78475555947478
5.597904479310398,15.159640704145001
10.807807255546217,25.104415139935682
8.33922154548904,21.229635709622876
4.591800792284367,10.975189169529752
-0.7016571145864703,-0.11579376562781474
-16.609609335159913,-37.843122445853496
4.296182191325858,7.990110539023156
2.0768768716311117,6.4222443373726135
2.7157883719537343,7.469205338751055
-12.767485758203094,-29.576034242606802
-10.810565404082624,-25.60002025373118
10.531528533329036,25.824882669844953
-0.3955515385665504,-0.6269867177496123
6.815006973726244,16.445465720708633
0.2831837613046117,3.859973680458726
0.2975613949574519,1.7865267847375141
9.382838059759976,28.259476520905956
-5.160447282173739,-12.022439833063588
0.9612077694098337,1.9862058897036587
-4.622752887050424,-13.584311002851715
-4.344962274323156,-13.46868503831978
-3.0917212346863936,-9.897574972726963
2.2213377163371284,7.087597592865788
-4.787486216634774,-9.951265495127068
12.557561255735209,29.231521735273756
-8.946073022195039,-19.575105927335365
-1.8687164416135904,-4.637913207400855
-4.397310582741749,-9.699690432883274
14.469778843537329,40.398888365354175
1.9655477651157462,7.707548044520429
10.318445394686348,26.259052190904207
-14.855603730369719,-37.921393776754876
2.6705026586925884,3.3726258440728607
8.89630795623437,21.802463252101084
0.8228398927542419,2.634839254230216
10.654803750653512,25.662650322331412
-5.172884501003722,-12.194725186693914
14.093474401855799,36.38738977055703
22.9889812361925,58.02274112686509
-3.6283856043965907,-9.370969172638397
-4.455025214007718,-9.80025369108584
14.533844771177009,38.21849322708134
15.795721457307124,38.30850548838212
-5.228600271532683,-9.249635919339168
-4.201868170958573,-9.701846691964956
-2.817846088605072,-6.006915975622985
-13.44450511034277,-31.194833929343815
-9.186519464841982,-21.49986639957795
-10.041407667520678,-22.197245900975208
-7.677975651041285,-17.620690797199565
-0.3468488738678118,-1.0919969339504054
2.3421473253652074,7.578375363825222
15.50500492814077,37.4750599057106
-9.98354040738791,-23.741731606916726
9.843223984765837,25.54159998062567
-2.1398884422550895,-4.765954820182802
-0.4946370965243295,-0.49366776418868524
6.7481949216660375,14.106789213169817
-11.227220215622985,-28.165500354539386
3.824097461840506,10.745933456883495
1.6645220821305609,5.481017989321202
4.924512640081491,11.255931318351811
2.891686439078181,10.760631779424854
24.553001399108943,60.65015380134336
-6.377399842513159,-13.004585205229425
-5.3099695500181765,-11.420535151302072
-6.231405264247644,-15.870967780306716
-5.554771191602547,-9.336306193787344
-6.373871273065177,-17.321951846175903
11.890165311075517,32.563721624908794
14.205042479898548,38.51377083583233
-5.707462937494762,-14.609897761890196
-8.323555731042287,-17.023958727477062
4.714155563864041,12.285295880462195
-5.522230442809713,-12.228188848464569
6.329318177555107,17.34393912143021
2.029230208512997,5.804458038341397
-15.15744114997232,-35.271986328611234
15.475052013300616,41.27460747435596
17.95877673095522,42.39987788091169
-6.127886904843862,-11.71103677635335
-3.8770155993598414,-12.017522974470953
2.8586539072490496,10.211727176805939
3.34456789987025,11.614830023330791
6.585442726728305,15.281673956390364
20.102045387663495,50.43348489324957
-1.7694722749404939,-5.635090024323106
-7.982972445384537,-19.387273174038814
-13.793192280145272,-34.09904926873466
-7.3093003994191905,-15.713929934009297
-0.33126972873797095,2.7924431703942894
17.945578635177878,48.655314209524605
-5.176112990361714,-13.06461852906089
2.237879516388985,6.1762550434834065
-0.16422896072752075,-2.7774487862607025
11.88393273448084,29.09809170320972
25.269324258736216,66.10301391303547
-5.308687729203206,-9.040553675911553
-4.894394425182221,-13.704683806715396
10.44160877069072,25.919093408421013
6.818914896263114,17.994475726739932
18.467073257360337,47.728005461040055
5.839281853259639,13.978997593305804
-3.5929209078705955,-7.1341801807483085
5.906548306923093,14.8186920731659
11.087035805829078,28.688684972816137
8.204821811973641,22.604623025941503
5.072740311072978,13.694695317304319
10.666746895891539,26.794095458675706
11.692955904456728,30.013170153290154
13.821589910375272,35.37724885752751
6.487098875896427,16.477725129976815
-1.6711808031685436,-3.695544133255564
1.4671368643332283,7.865136501842505
12.065089665083569,32.2845630585914
-8.16935670987236,-20.01435241073922
3.686733088729012,11.610741530844003
-3.9333881232736068,-9.501109287696037
0.2874482293481749,4.06486984854372
12.784518626072988,33.70058094957865
1.9109906801990335,5.562872412489126
0.4643654815614881,3.056347555524275
-13.598561409799192,-36.13815582863498
7.4625356602722075,17.402804212860907
6.454841811410754,14.749254515728772
21.632547233054602,55.36725427216391
-3.0777823495300085,-3.229425874854837
2.1915032766393896,10.941358483983738
2.4938368371075526,8.510694295650396
15.774532797634745,41.43802094397578
-0.952955323869521,-4.98450377797928
2.7902152577033923,6.890190544790437
6.078965097165392,14.621845239097004
1.8660912315635811,4.423532882406721
-4.464336145505283,-10.497128000932786
1.9408999289830757,4.908068667063434
10.736317498597721,23.88219412574273
-10.265152994110602,-23.167061973041438
1.32969674146876,2.178755802192287
-7.001208149391732,-16.02452664525703
11.950466289248425,35.02433106262101
-15.231869047837748,-38.91844180276722
-5.589218472715883,-18.033621227282367
3.7721187506452085,9.858288432852799
15.655240292343404,42.34002000085565
-0.657502610729878,3.2729383816164925
-5.551995266931984,-15.339087356234792
18.8115706944059,49.0223251824878
-14.48013900416244,-36.13096842396621
-21.988059566200818,-54.182045624110316
4.400144500533324,17.28904794536738
-5.020542243526112,-14.557296265605586
-10.212328171307131,-24.023341105278682
7.083564472993533,19.644297526014697
2.4380071377119883,9.266590494158665
-5.640786307367284,-12.90599946147642
-12.803043986708945,-30.39150888776416
8.724573282801448,22.028136072160034
6.50201177958661,17.79328333145674
-0.9917586377938291,-2.165781145479394
18.46636996047666,48.409068680903744
-10.700847663261525,-26.49133983024108
-15.25525170924739,-36.3839284853141
-6.9190806988124445,-16.35622737440107
-0.45586016355497805,2.112450092656891
2.4333944932269183,6.980698785890324
-2.4123605785632987,-8.57696638282201
3.520553965142968,12.325227914285403
-12.51539424190444,-32.09995020648634
14.437646040732595,35.786582424533854
-0.821511783925688,-2.245102047901204
11.172958315881276,31.681271976044826
3.427253463777041,5.296785231485212
4.567532191537839,18.694327546164587
5.697672802322039,17.3562956239372
4.477085600173149,12.63919182869119
6.427227598675439,16.958280995456025
13.291525301324313,34.7999214030261
1.9652116970147013,6.95527409929543
7.090037575885123,20.01552511161292
-0.8973569428722672,-0.13218342517377124
14.401172154494727,37.18209174874732
-6.7639230205926975,-16.3044843920964
18.009404329108158,45.720964255463365
-0.4015795064434341,-0.3937653268139473
-14.307751021180481,-32.50183735921708
1.2810441491078928,5.389723817331455
-6.810516574748808,-21.907068706200583
8.40643548988724,23.327890277777623
-6.526239793023909,-14.926127093122222
-4.461834332147797,-10.192003343261286
-18.895407309455308,-47.01555517981604
-4.523063192490767,-8.05943254125489
-24.238793266289566,-57.701930241478195
-15.839028234857233,-40.1433259227903
7.604146561442974,20.824470977856507
7.858001586508322,18.70169049718823
4.254575617849648,8.877202715046257
-9.66976143129213,-24.427838027410257
-0.47711356141979855,1.532003041216021
-0.036025390905684046,2.816186613487963
-11.583646891925428,-26.932946389618984
15.033983017671506,40.03514911787476
8.773622905756714,23.966413838621698
-2.2096417382966393,-5.807067536187503
0.2688583899453078,2.535991064211151
2.083828079475525,7.810389249144177
-20.417348684242906,-48.534789050980116
-2.471773825205969,-2.8016078200656365
-6.819842479977986,-14.632998505542837
-10.016200098949156,-23.337603832289723
-2.811002928859549,-3.887206845516018
17.976865268495224,45.88912065273995
6.4084286126700984,15.257322229219811
-5.711789897827968,-13.605608672457448
5.725827813561586,13.824764244291067
